user_id,user_registration_id,username,registration_email,first_name,last_name,ip_address,social_media_handle,email
2,1,jrodriguez,jrodriguez@example.com,Jason,Rodriguez,172.18.54.245,jrodriguez,jrodriguez@example.com
5,2,mwallace,mwallace@example.com,Michael,Wallace,172.31.71.19,mwallace,mwallace@example.com
6,3,ehayes,ehayes@example.net,Eileen,Hayes,172.24.221.226,,ehayes@example.net
7,4,droberson,droberson@example.com,Deborah,Roberson,172.26.209.141,droberson,droberson@example.com
8,5,bvalenzuela,bvalenzuela@example.com,Brian,Valenzuela,192.168.185.176,,bvalenzuela@example.com
10,6,chaynes,chaynes@example.com,Catherine,Haynes,172.21.154.6,chaynes,chaynes@example.com
11,7,btran,btran@example.net,Beth,Tran,192.168.57.86,,btran@example.net
18,8,jward,jward@example.org,Jennifer,Ward,172.22.243.15,,jward@example.org
19,9,dwhite,dwhite@example.com,Daisy,White,172.23.215.121,,dwhite@example.com
23,10,agreene,agreene@example.com,Amanda,Greene,172.27.112.177,agreene,agreene@example.com
24,11,skelley,skelley@example.net,Susan,Kelley,10.246.109.73,,skelley@example.net
25,12,dandrade,dandrade@example.org,David,Andrade,10.17.103.231,,dandrade@example.org
26,13,jsmith,jsmith@example.net,James,Smith,192.168.26.194,,jsmith@example.net
29,14,cvance,cvance@example.net,Chelsea,Vance,192.168.8.10,cvance,cvance@example.net
30,15,mschmidt,mschmidt@example.net,Mary,Schmidt,172.30.70.134,mschmidt,mschmidt@example.net
31,16,tmiller,tmiller@example.com,Thomas,Miller,172.17.69.142,tmiller,tmiller@example.com
32,17,khodge,khodge@example.net,Kayla,Hodge,10.163.33.222,khodge,khodge@example.net
34,18,lrich,lrich@example.com,Lisa,Rich,172.28.40.236,lrich,lrich@example.com
37,19,rvega,rvega@example.com,Rachel,Vega,172.30.72.246,rvega,rvega@example.com
47,20,jbennett,jbennett@example.net,Jared,Bennett,192.168.107.110,,jbennett@example.net
49,21,abrown,abrown@example.net,Ann,Brown,10.215.38.206,abrown,abrown@example.net
50,22,rmay,rmay@example.org,Robert,May,192.168.134.203,rmay,rmay@example.org
51,23,creilly,creilly@example.net,Christian,Reilly,192.168.107.236,,creilly@example.net
54,24,jthompson,jthompson@example.org,Janet,Thompson,10.204.219.184,,jthompson@example.org
55,25,pallison,pallison@example.com,Patrick,Allison,10.211.117.58,pallison,pallison@example.com
58,26,bfranklin,bfranklin@example.com,Brittney,Franklin,192.168.80.151,bfranklin,bfranklin@example.com
62,27,cgallagher,cgallagher@example.net,Christina,Gallagher,172.27.7.129,cgallagher,cgallagher@example.net
65,28,bbutler,bbutler@example.org,Brooke,Butler,192.168.121.60,,bbutler@example.org
70,29,thorne,thorne@example.org,Teresa,Horne,172.24.163.185,,thorne@example.org
73,30,bperkins,bperkins@example.com,Brent,Perkins,172.17.203.27,,bperkins@example.com
78,31,zroberts,zroberts@example.net,Zachary,Roberts,10.142.117.61,zroberts,zroberts@example.net
79,32,cgardner,cgardner@example.com,Christine,Gardner,192.168.52.22,,cgardner@example.com
81,33,sadams,sadams@example.com,Sean,Adams,172.23.82.199,,sadams@example.com
83,34,rjackson,rjackson@example.net,Ryan,Jackson,192.168.56.251,rjackson,rjackson@example.net
84,35,awalker,awalker@example.com,Angela,Walker,192.168.191.90,,awalker@example.com
85,36,dyoung,dyoung@example.net,Daniel,Young,172.17.183.180,dyoung,dyoung@example.net
87,37,tgraves,tgraves@example.net,Tanya,Graves,10.218.175.16,,tgraves@example.net
92,38,mray,mray@example.org,Michele,Ray,192.168.93.245,,mray@example.org
95,39,kvillanueva,kvillanueva@example.net,Kevin,Villanueva,10.198.59.142,kvillanueva,kvillanueva@example.net
96,40,npugh,npugh@example.net,Nicole,Pugh,192.168.46.70,npugh,npugh@example.net
97,41,dyates,dyates@example.com,Dawn,Yates,172.21.209.239,dyates,dyates@example.com
99,42,jbradley,jbradley@example.org,Julie,Bradley,192.168.141.242,,jbradley@example.org
107,43,fwarren,fwarren@example.net,Fernando,Warren,172.29.253.248,fwarren,fwarren@example.net
112,44,iking,iking@example.net,Isaiah,King,10.237.74.244,iking,iking@example.net
114,45,klivingston,klivingston@example.net,Kurt,Livingston,192.168.65.95,klivingston,klivingston@example.net
121,46,mlittle,mlittle@example.com,Mikayla,Little,172.18.239.118,mlittle,mlittle@example.com
123,47,sgarza,sgarza@example.net,Sheri,Garza,172.21.26.34,sgarza,sgarza@example.net
124,48,rpatrick,rpatrick@example.org,Roger,Patrick,172.16.112.104,,rpatrick@example.org
125,49,rwright,rwright@example.net,Russell,Wright,10.177.91.59,,rwright@example.net
127,50,gconrad,gconrad@example.com,Glenn,Conrad,192.168.6.109,,gconrad@example.com
128,51,tchambers,tchambers@example.com,Tiffany,Chambers,10.235.247.52,,tchambers@example.com
129,52,showard,showard@example.org,Sarah,Howard,172.25.135.154,showard,showard@example.org
130,53,mbowman,mbowman@example.org,Martin,Bowman,192.168.149.134,mbowman,mbowman@example.org
131,54,amorgan,amorgan@example.com,Ashley,Morgan,10.122.251.232,amorgan,amorgan@example.com
133,55,baustin,baustin@example.org,Bailey,Austin,172.23.1.145,baustin,baustin@example.org
134,56,sho,sho@example.com,Sandra,Ho,172.16.223.213,,sho@example.com
135,57,bmorton,bmorton@example.org,Bryan,Morton,192.168.50.171,bmorton,bmorton@example.org
138,58,lreyes,lreyes@example.net,Larry,Reyes,10.64.70.182,lreyes,lreyes@example.net
139,59,vrivera,vrivera@example.com,Vincent,Rivera,172.25.229.159,,vrivera@example.com
142,60,mmaddox,mmaddox@example.net,Mike,Maddox,192.168.59.140,,mmaddox@example.net
144,61,mlutz,mlutz@example.com,Manuel,Lutz,172.29.143.74,,mlutz@example.com
146,62,kbrooks,kbrooks@example.net,Kimberly,Brooks,172.24.198.167,,kbrooks@example.net
148,63,ereese,ereese@example.net,Erika,Reese,172.16.248.3,ereese,ereese@example.net
151,64,cschwartz,cschwartz@example.org,Carol,Schwartz,192.168.73.205,,cschwartz@example.org
152,65,nperez,nperez@example.org,Nathan,Perez,192.168.147.21,nperez,nperez@example.org
153,66,cesparza,cesparza@example.org,Charles,Esparza,10.29.61.28,cesparza,cesparza@example.org
157,67,agibson,agibson@example.com,Aaron,Gibson,192.168.139.37,agibson,agibson@example.com
158,68,khess,khess@example.com,Kristina,Hess,172.17.14.51,khess,khess@example.com
160,69,szimmerman,szimmerman@example.org,Shawn,Zimmerman,172.26.105.132,szimmerman,szimmerman@example.org
163,70,amccall,amccall@example.org,Austin,Mccall,192.168.10.77,amccall,amccall@example.org
166,71,lvaldez,lvaldez@example.org,Lynn,Valdez,172.26.30.22,lvaldez,lvaldez@example.org
170,72,cbautista,cbautista@example.net,Crystal,Bautista,192.168.249.212,,cbautista@example.net
171,73,mgonzalez,mgonzalez@example.org,Melody,Gonzalez,172.28.97.140,mgonzalez,mgonzalez@example.org
174,74,ksullivan,ksullivan@example.org,Kendra,Sullivan,172.29.209.66,,ksullivan@example.org
177,75,shurst,shurst@example.net,Stephen,Hurst,172.19.119.95,,shurst@example.net
178,76,acunningham,acunningham@example.net,Abigail,Cunningham,172.24.35.45,,acunningham@example.net
180,77,wmcmillan,wmcmillan@example.com,William,Mcmillan,10.65.156.77,,wmcmillan@example.com
183,78,gwiggins,gwiggins@example.org,Gabriel,Wiggins,172.22.164.40,gwiggins,gwiggins@example.org
184,79,egould,egould@example.org,Erin,Gould,192.168.200.42,,egould@example.org
185,80,bwells,bwells@example.org,Brandon,Wells,192.168.54.21,bwells,bwells@example.org
194,81,reaton,reaton@example.com,Randy,Eaton,172.16.153.106,reaton,reaton@example.com
199,82,abarrett,abarrett@example.org,Alexis,Barrett,192.168.175.158,,abarrett@example.org
200,83,salexander,salexander@example.net,Stacey,Alexander,192.168.234.103,salexander,salexander@example.net
202,84,llopez,llopez@example.org,Luke,Lopez,10.23.121.71,llopez,llopez@example.org
204,85,pestes,pestes@example.com,Peter,Estes,192.168.78.243,pestes,pestes@example.com
209,86,amclaughlin,amclaughlin@example.com,Alicia,Mclaughlin,192.168.33.9,amclaughlin,amclaughlin@example.com
211,87,mgordon,mgordon@example.net,Monica,Gordon,192.168.43.5,,mgordon@example.net
213,88,gbryant,gbryant@example.org,George,Bryant,192.168.30.115,,gbryant@example.org
216,89,jhooper,jhooper@example.net,Jeffery,Hooper,172.22.72.217,jhooper,jhooper@example.net
218,90,aschultz,aschultz@example.org,Anita,Schultz,192.168.123.54,aschultz,aschultz@example.org
221,91,jenglish,jenglish@example.org,Jacqueline,English,10.78.228.213,jenglish,jenglish@example.org
223,92,jbecker,jbecker@example.net,Jillian,Becker,192.168.38.20,jbecker,jbecker@example.net
230,93,tsims,tsims@example.net,Theresa,Sims,192.168.77.236,tsims,tsims@example.net
232,94,croy,croy@example.org,Cory,Roy,10.217.19.58,croy,croy@example.org
233,95,gpena,gpena@example.com,Gary,Pena,172.24.245.230,,gpena@example.com
235,96,boliver,boliver@example.net,Blake,Oliver,192.168.138.74,,boliver@example.net
237,97,bhutchinson,bhutchinson@example.net,Brenda,Hutchinson,192.168.242.5,,bhutchinson@example.net
240,98,amoran,amoran@example.net,Amber,Moran,10.182.247.84,,amoran@example.net
241,99,hclark,hclark@example.org,Harold,Clark,10.137.157.151,hclark,hclark@example.org
242,100,cstone,cstone@example.com,Cheyenne,Stone,10.121.109.88,cstone,cstone@example.com
244,101,mbeck,mbeck@example.net,Melanie,Beck,192.168.212.123,mbeck,mbeck@example.net
245,102,rholt,rholt@example.net,Rebecca,Holt,192.168.20.84,rholt,rholt@example.net
246,103,lcantu,lcantu@example.net,Lorraine,Cantu,192.168.158.97,lcantu,lcantu@example.net
247,104,staylor,staylor@example.com,Sharon,Taylor,192.168.200.99,staylor,staylor@example.com
251,105,kfigueroa,kfigueroa@example.com,Krista,Figueroa,192.168.194.115,kfigueroa,kfigueroa@example.com
255,106,arose,arose@example.org,Alan,Rose,172.29.215.223,arose,arose@example.org
256,107,danderson,danderson@example.org,Donna,Anderson,10.250.203.139,danderson,danderson@example.org
258,108,hglass,hglass@example.net,Heather,Glass,172.23.235.165,hglass,hglass@example.net
259,109,jmaynard,jmaynard@example.net,Jordan,Maynard,172.31.84.142,jmaynard,jmaynard@example.net
263,110,mramos,mramos@example.com,Marc,Ramos,172.19.153.245,mramos,mramos@example.com
264,111,ehorton,ehorton@example.org,Evelyn,Horton,10.192.255.240,,ehorton@example.org
267,112,fpollard,fpollard@example.org,Felicia,Pollard,172.19.38.243,,fpollard@example.org
270,113,anewman,anewman@example.org,Alison,Newman,10.24.89.231,anewman,anewman@example.org
271,114,vhall,vhall@example.net,Virginia,Hall,172.19.109.28,vhall,vhall@example.net
275,115,tfoley,tfoley@example.org,Tammy,Foley,192.168.185.14,tfoley,tfoley@example.org
277,116,jcarter,jcarter@example.com,Jackie,Carter,192.168.177.84,jcarter,jcarter@example.com
283,117,rsampson,rsampson@example.org,Randall,Sampson,172.30.40.203,rsampson,rsampson@example.org
284,118,lbaxter,lbaxter@example.net,Lori,Baxter,192.168.19.14,lbaxter,lbaxter@example.net
285,119,ddunn,ddunn@example.com,Dean,Dunn,192.168.176.87,,ddunn@example.com
287,120,jduncan,jduncan@example.org,Jeremiah,Duncan,192.168.194.44,,jduncan@example.org
288,121,isellers,isellers@example.com,Isaac,Sellers,192.168.189.31,isellers,isellers@example.com
291,122,ckemp,ckemp@example.net,Cameron,Kemp,10.7.32.63,,ckemp@example.net
297,123,thowell,thowell@example.com,Trevor,Howell,10.163.2.215,thowell,thowell@example.com
298,124,lsutton,lsutton@example.com,Logan,Sutton,172.23.141.129,lsutton,lsutton@example.com
300,125,gchase,gchase@example.com,Gene,Chase,10.62.118.15,,gchase@example.com
301,126,croth,croth@example.org,Carolyn,Roth,172.27.235.136,,croth@example.org
302,127,sfoster,sfoster@example.net,Sheila,Foster,192.168.188.49,sfoster,sfoster@example.net
303,128,wconley,wconley@example.net,Wayne,Conley,172.27.25.38,wconley,wconley@example.net
304,129,dwade,dwade@example.net,Danny,Wade,192.168.109.101,dwade,dwade@example.net
305,130,anavarro,anavarro@example.org,Andre,Navarro,10.140.20.50,,anavarro@example.org
315,131,pvaughn,pvaughn@example.org,Pamela,Vaughn,172.16.183.195,,pvaughn@example.org
316,132,jhancock,jhancock@example.com,Justin,Hancock,10.221.177.173,jhancock,jhancock@example.com
323,133,kfarrell,kfarrell@example.com,Karina,Farrell,192.168.244.96,kfarrell,kfarrell@example.com
325,134,wchurch,wchurch@example.net,Wanda,Church,192.168.109.225,wchurch,wchurch@example.net
329,135,sstafford,sstafford@example.org,Shelley,Stafford,172.19.109.155,sstafford,sstafford@example.org
338,136,rmccoy,rmccoy@example.org,Robin,Mccoy,10.176.41.164,rmccoy,rmccoy@example.org
340,137,fgates,fgates@example.net,Francisco,Gates,10.63.230.69,fgates,fgates@example.net
344,138,rpowers,rpowers@example.net,Raymond,Powers,172.20.58.102,rpowers,rpowers@example.net
346,139,gliu,gliu@example.org,Gina,Liu,10.151.69.100,,gliu@example.org
349,140,arangel,arangel@example.org,Amy,Rangel,10.79.230.98,,arangel@example.org
352,141,arichard,arichard@example.net,Albert,Richard,10.119.11.18,arichard,arichard@example.net
353,142,dguerra,dguerra@example.org,Doris,Guerra,192.168.44.219,dguerra,dguerra@example.org
357,143,gdavidson,gdavidson@example.org,Grace,Davidson,192.168.32.70,gdavidson,gdavidson@example.org
359,144,bbarnes,bbarnes@example.net,Brett,Barnes,10.133.247.105,bbarnes,bbarnes@example.net
360,145,aharding,aharding@example.com,Ashlee,Harding,172.27.60.222,,aharding@example.com
361,146,gpatterson,gpatterson@example.org,Gilbert,Patterson,192.168.106.108,,gpatterson@example.org
363,147,mswanson,mswanson@example.org,Marco,Swanson,10.198.120.199,mswanson,mswanson@example.org
365,148,kvilla,kvilla@example.net,Kristy,Villa,192.168.248.27,kvilla,kvilla@example.net
367,149,mhammond,mhammond@example.net,Meredith,Hammond,10.134.105.9,mhammond,mhammond@example.net
375,150,wwalsh,wwalsh@example.com,Wendy,Walsh,10.35.181.195,,wwalsh@example.com
376,151,epark,epark@example.org,Eugene,Park,172.24.0.242,,epark@example.org
378,152,ypitts,ypitts@example.com,Yolanda,Pitts,192.168.31.104,ypitts,ypitts@example.com
382,153,xhester,xhester@example.net,Xavier,Hester,172.21.35.21,xhester,xhester@example.net
385,154,dcordova,dcordova@example.com,Drew,Cordova,192.168.3.27,dcordova,dcordova@example.com
391,155,mbaird,mbaird@example.net,Margaret,Baird,172.26.199.82,,mbaird@example.net
395,156,cmorrison,cmorrison@example.net,Colin,Morrison,10.129.26.250,cmorrison,cmorrison@example.net
396,157,vfuller,vfuller@example.net,Victor,Fuller,10.81.56.40,,vfuller@example.net
401,158,ldeleon,ldeleon@example.com,Leah,Deleon,192.168.225.226,,ldeleon@example.com
404,159,swillis,swillis@example.com,Sherry,Willis,192.168.73.23,swillis,swillis@example.com
409,160,cmcmahon,cmcmahon@example.com,Colleen,Mcmahon,172.26.48.71,,cmcmahon@example.com
412,161,dkeller,dkeller@example.com,Dillon,Keller,172.27.207.80,,dkeller@example.com
416,162,rreed,rreed@example.org,Reginald,Reed,10.167.81.0,rreed,rreed@example.org
418,163,ccross,ccross@example.org,Casey,Cross,10.162.149.64,ccross,ccross@example.org
419,164,rspence,rspence@example.com,Regina,Spence,172.22.75.229,rspence,rspence@example.com
421,165,dhatfield,dhatfield@example.org,Dennis,Hatfield,192.168.123.177,dhatfield,dhatfield@example.org
423,166,smonroe,smonroe@example.net,Shelly,Monroe,10.161.21.126,,smonroe@example.net
428,167,tschaefer,tschaefer@example.net,Tanner,Schaefer,172.29.39.47,,tschaefer@example.net
429,168,jhinton,jhinton@example.org,Jeanne,Hinton,192.168.73.80,,jhinton@example.org
430,169,tfisher,tfisher@example.org,Troy,Fisher,10.97.158.72,,tfisher@example.org
432,170,edouglas,edouglas@example.org,Ellen,Douglas,10.191.119.231,edouglas,edouglas@example.org
434,171,strujillo,strujillo@example.net,Stacie,Trujillo,10.86.238.154,strujillo,strujillo@example.net
435,172,kbarton,kbarton@example.com,Katelyn,Barton,192.168.93.212,,kbarton@example.com
437,173,dharper,dharper@example.net,Debbie,Harper,192.168.241.152,dharper,dharper@example.net
438,174,rshields,rshields@example.net,Ronnie,Shields,10.140.222.206,rshields,rshields@example.net
439,175,pcarr,pcarr@example.com,Peggy,Carr,192.168.136.135,,pcarr@example.com
442,176,lmurillo,lmurillo@example.com,Lindsay,Murillo,10.2.245.27,,lmurillo@example.com
444,177,sbonilla,sbonilla@example.org,Stefanie,Bonilla,172.26.54.118,sbonilla,sbonilla@example.org
445,178,cmiranda,cmiranda@example.net,Caroline,Miranda,10.166.48.124,cmiranda,cmiranda@example.net
446,179,dtodd,dtodd@example.org,Duane,Todd,10.30.199.17,dtodd,dtodd@example.org
449,180,scurry,scurry@example.org,Shelby,Curry,10.70.68.39,,scurry@example.org
455,181,gsingleton,gsingleton@example.org,Greg,Singleton,172.25.13.30,gsingleton,gsingleton@example.org
456,182,janthony,janthony@example.org,Jo,Anthony,10.243.130.184,,janthony@example.org
461,183,lgarrett,lgarrett@example.org,Lee,Garrett,10.163.53.148,,lgarrett@example.org
464,184,nduran,nduran@example.com,Natalie,Duran,192.168.91.65,nduran,nduran@example.com
466,185,khuff,khuff@example.net,Kara,Huff,172.30.45.125,,khuff@example.net
469,186,jhudson,jhudson@example.com,Jon,Hudson,10.36.173.98,jhudson,jhudson@example.com
472,187,npineda,npineda@example.org,Norma,Pineda,172.22.11.214,,npineda@example.org
474,188,jobrien,jobrien@example.com,Jack,Obrien,172.30.209.16,jobrien,jobrien@example.com
475,189,mglenn,mglenn@example.org,Mariah,Glenn,10.150.219.157,mglenn,mglenn@example.org
477,190,cbush,cbush@example.com,Cathy,Bush,10.82.59.192,,cbush@example.com
479,191,dday,dday@example.org,Dorothy,Day,10.22.13.104,,dday@example.org
484,192,mfrey,mfrey@example.org,Malik,Frey,10.157.59.183,,mfrey@example.org
485,193,bpoole,bpoole@example.com,Brianna,Poole,10.200.55.105,bpoole,bpoole@example.com
486,194,rcummings,rcummings@example.com,Rachael,Cummings,172.25.241.100,rcummings,rcummings@example.com
487,195,dbolton,dbolton@example.com,Darryl,Bolton,172.28.153.79,dbolton,dbolton@example.com
492,196,lnewton,lnewton@example.com,Lucas,Newton,172.29.218.247,lnewton,lnewton@example.com
496,197,tflynn,tflynn@example.net,Tim,Flynn,172.24.146.105,,tflynn@example.net
498,198,cwu,cwu@example.com,Cole,Wu,10.101.141.192,cwu,cwu@example.com
499,199,egaines,egaines@example.com,Edgar,Gaines,172.25.151.137,egaines,egaines@example.com
